"Empleado/a","Usuario IdEA"
"Expósito Moreno, Rafael","rafael.exposito"
"Díaz Jiménez, Carmen","carmen.diaz"
"Molina Ruiz, Francisco","francisco.molina"
"Lozano Herrera, Isabel","isabel.lozano"
"García Fernández, María Dolores","maria.garcia"
"Romero Vega, Diego","diego.romero"
"Pérez Blanco, Manuel","manuel.perez"
"Guerrero Campos, Roberto","roberto.guerrero"
"Alonso Serrano, Beatriz","beatriz.alonso"
"Fuentes Parra, Rodrigo","rodrigo.fuentes"
"Caballero Ruiz, Elena","elena.caballero"
"Medina Torres, Julio","julio.medina"
"Delgado Iglesias, Sofía","sofia.delgado"
"Herrero Vidal, Marcos","marcos.herrero"
"Cabrera García, Alberto","alberto.cabrera"
"López Morales, Nuria","nuria.lopez"
"Ortega Bravo, Javier","javier.ortega"
"Castro Fuentes, Ana Belén","anabelen.castro"
"Vázquez Acosta, Tomás","tomas.vazquez"
"Serrano Díaz, Rosa María","rosamaria.serrano"
"Ibáñez Cano, Fernando","fernando.ibanez"
"Ramos Palacios, Marta","marta.ramos"
"Gallego Nieto, Sergio","sergio.gallego"
"Mora Espinosa, Verónica","veronica.mora"
"Aguilar Blanco, Pablo","pablo.aguilar"
"Muñoz Aranda, Concepción","concepcion.munoz"
"Suárez Paredes, Álvaro","alvaro.suarez"
"Rubio Fernández, Patricia","patricia.rubio"
"Carrasco Reyes, Luis","luis.carrasco"
"Domínguez Orozco, Sandra","sandra.dominguez"
